Name,School,Description,BaseCost,HasMagnitude,HasDuration,Restriction,HasQualifier
Burden,Alteration,"Temporarily increases the weight carried by the victim, causing fatigue to be lost at a greater rate. The magnitude of the effect is the weight added. When the effect ends, the added weight disappears.",1,TRUE,TRUE,none,FALSE
Feather,Alteration,"Reduces the target's encumbrance, resulting in a slower loss of fatigue. The magnitude is the units of weight removed from encumbrance.",1,TRUE,TRUE,none,FALSE
Fire Shield,Alteration,Creates a shield of elemental fire around the subject's entire body. The spell reduces damage from Fire attacks and damages nearby enemies.,3,TRUE,TRUE,none,FALSE
Frost Shield,Alteration,Creates a shield of elemental frost around the subject's entire body. The spell reduces damage from Frost attacks and damages nearby enemies.,3,TRUE,TRUE,none,FALSE
Jump,Alteration,Increases the height and distance the target may jump. The magnitude is proportional to the increase in a jump's height and distance.,3,TRUE,TRUE,none,FALSE
Levitate,Alteration,"Temporarily enables the target to levitate into the air, moving in the direction of their choice. The magnitude is the speed at which the subject can move through the air.",3,TRUE,TRUE,none,FALSE
Lightning Shield,Alteration,Creates a shield of elemental lightning around the subject's entire body. The spell reduces damage from Shock attacks and damages nearby enemies.,3,TRUE,TRUE,none,FALSE
Lock,Alteration,"Locks a container or door. The magnitude of the effect is the lock level placed on the container or door. The effect has no duration; the container or door remains locked until unlocked by key, pick, or spell.",2,TRUE,FALSE,TouchTargetOnly,FALSE
Open,Alteration,Opens a locked container or door. The effect's magnitude is the highest lock level that can be opened.,6,TRUE,FALSE,TouchTargetOnly,FALSE
Shield,Alteration,Creates a magical shield around the subject's entire body. The spell adds its magnitude to the subject's Armor Rating.,2,TRUE,TRUE,none,FALSE
Slowfall,Alteration,"Slows the target's rate of descent, reducing damage received upon landing or falling from great heights.",3,TRUE,TRUE,none,FALSE
Swift Swim,Alteration,Temporarily increases the swimming speed of the subject.,2,TRUE,TRUE,none,FALSE
Water Breathing,Alteration,Permits the subject to breathe underwater for the duration of the spell.,3,FALSE,TRUE,none,FALSE
Water Walking,Alteration,Permits the subject to walk on the surface of any body of water for the duration of the spell.,3,FALSE,TRUE,none,FALSE
Bound Battle Axe,Conjuration,"Conjures a lesser-Daedra bound in the form of a magical, wondrously light Daedric battle axe. The battle axe appears automatically equipped on the caster, displacing any currently equipped weapon to the inventory. When the effect ends, the battle axe disappears, and any previously equipped weapon is automatically re-equipped.",2,FALSE,TRUE,SelfOnly,FALSE
Bound Boots,Conjuration,"Conjures a lesser-Daedra bound in the form of a magical, wondrously light pair of Daedric boots. The boots appear automatically equipped on the caster, displacing any currently equipped foot armor to the inventory. When the effect ends, the boots disappear, and any previously equipped footwear is automatically re-equipped.",2,FALSE,TRUE,SelfOnly,FALSE
Bound Cuirass,Conjuration,"Conjures a lesser-Daedra bound in the form of a magical, wondrously light Daedric cuirass. The cuirass appears automatically equipped on the caster, displacing any currently equipped chest armor to the inventory. When the effect ends, the cuirass disappears, and any previously equipped chest armor is automatically re-equipped.",2,FALSE,TRUE,SelfOnly,FALSE
Bound Dagger,Conjuration,"Conjures a lesser-Daedra bound in the form of a magical, wondrously light Daedric dagger. The dagger appears automatically equipped on the caster, displacing any currently equipped weapon to the inventory. When the effect ends, the dagger disappears, and any previously equipped weapon is automatically re-equipped.",2,FALSE,TRUE,SelfOnly,FALSE
Bound Gloves,Conjuration,"Conjures a lesser-Daedra bound in the form of magical, wondrously light Daedric armored gloves. The armored gloves appear automatically equipped on the caster, displacing any currently equipped hand armor to the inventory. When the effect ends, the armored gloves disappear, and any previously equipped hand armor is automatically re-equipped.",2,FALSE,TRUE,SelfOnly,FALSE
Bound Helm,Conjuration,"Conjures a lesser-Daedra bound in the form of a magical, wondrously light Daedric helm. The helm appears automatically equipped on the caster, displacing any currently equipped head armor to the inventory. When the effect ends, the helm disappears, and any previously equipped head armor is automatically re-equipped.",2,FALSE,TRUE,SelfOnly,FALSE
Bound Longbow,Conjuration,"Conjures a lesser-Daedra bound in the form of a magical, wondrously light Daedric longbow. The longbow appears automatically equipped on the caster, displacing any currently equipped weapon to the inventory. When the effect ends, the longbow disappears, and any previously equipped weapon is automatically re-equipped.",2,FALSE,TRUE,SelfOnly,FALSE
Bound Longsword,Conjuration,"Conjures a lesser-Daedra bound in the form of a magical, wondrously light Daedric longsword. The longsword appears automatically equipped on the caster, displacing any currently equipped weapon to the inventory. When the effect ends, the longsword disappears, and any previously equipped weapon is automatically re-equipped.",2,FALSE,TRUE,SelfOnly,FALSE
Bound Mace,Conjuration,"Conjures a lesser-Daedra bound in the form of a magical, wondrously light Daedric mace. The mace appears automatically equipped on the caster, displacing any currently equipped weapon to the inventory. When the effect ends, the mace disappears, and any previously equipped weapon is automatically re-equipped.",2,FALSE,TRUE,SelfOnly,FALSE
Bound Shield,Conjuration,"Conjures a lesser-Daedra bound in the form of a magical, wondrously light Daedric shield. The shield appears automatically equipped on the caster, displacing any currently equipped shield to the inventory. When the effect ends, the shield disappears, and any previously equipped shield is automatically re-equipped.",2,FALSE,TRUE,SelfOnly,FALSE
Bound Spear,Conjuration,"Conjures a lesser-Daedra bound in the form of a magical, wondrously light Daedric spear. The spear appears automatically equipped on the caster, displacing any currently equipped weapon to the inventory. When the effect ends, the spear disappears, and any previously equipped weapon is automatically re-equipped.",2,FALSE,TRUE,SelfOnly,FALSE
Call Bear,Conjuration,"Summons a Bear to battle for the caster. It appears six feet in front of the caster and attacks any aggressive entity until the effect ends or the creature is killed. At death, or when the effect ends, the creature disappears. If summoned in town, guards will attack the caster and summoned creature on sight.",30,FALSE,FALSE,SelfOnly,FALSE
Call Wolf,Conjuration,"Summons a Wolf to battle for the caster. It appears six feet in front of the caster and attacks any aggressive entity until the effect ends or the creature is killed. At death, or when the effect ends, the creature disappears. If summoned in town, guards will attack the caster and summoned creature on sight.",30,FALSE,FALSE,SelfOnly,FALSE
Command Creature,Conjuration,"Compels a creature to fight the caster's enemies for the duration of the spell. The magnitude is the level of the creature affected. When the effect ends, the creature returns to its normal behavior.",15,TRUE,TRUE,TouchTargetOnly,FALSE
Command Humanoid,Conjuration,"Compels a humanoid to fight the caster's enemies for the duration of the spell. The magnitude is the level of humanoid affected. When the effect ends, the humanoid returns to its normal behavior.",15,TRUE,TRUE,TouchTargetOnly,FALSE
Summon Ancestral Ghost,Conjuration,"Summons an Ancestral Ghost to battle for the caster. It appears six feet in front of the caster and attacks any aggressive entity until the effect ends or the creature is killed. At death, or when the effect ends, the creature disappears. If summoned in town, guards will attack the caster and summoned creature on sight.",7,FALSE,TRUE,SelfOnly,FALSE
Summon Bonelord,Conjuration,"Summons a Bonelord to battle for the caster. It appears six feet in front of the caster and attacks any aggressive entity until the effect ends or the creature is killed. At death, or when the effect ends, the creature disappears. If summoned in town, guards will attack the caster and summoned creature on sight.",25,FALSE,TRUE,SelfOnly,FALSE
Summon Bonewalker,Conjuration,"Summons a Bonewalker to battle for the caster. It appears six feet in front of the caster and attacks any aggressive entity until the effect ends or the creature is killed. At death, or when the effect ends, the creature disappears. If summoned in town, guards will attack the caster and summoned creature on sight.",13,FALSE,TRUE,SelfOnly,FALSE
Summon Bonewolf,Conjuration,"Summons a Bonewolf to battle for the caster. It appears six feet in front of the caster and attacks any aggressive entity until the effect ends or the creature is killed. At death, or when the effect ends, the creature disappears. If summoned in town, guards will attack the caster and summoned creature on sight.",30,FALSE,TRUE,SelfOnly,FALSE
Summon Centurion Sphere,Conjuration,"Summons a Centurion Sphere to battle for the caster. It appears six feet in front of the caster and attacks any aggressive entity until the effect ends or the creature is killed. At death, or when the effect ends, the creature disappears. If summoned in town, guards will attack the caster and summoned creature on sight.",25,FALSE,TRUE,SelfOnly,FALSE
Summon Clannfear,Conjuration,"Summons a Clannfear to battle for the caster. It appears six feet in front of the caster and attacks any aggressive entity until the effect ends or the creature is killed. At death, or when the effect ends, the creature disappears. If summoned in town, guards will attack the caster and summoned creature on sight.",22,FALSE,TRUE,SelfOnly,FALSE
Summon Daedroth,Conjuration,"Summons a Daedroth to battle for the caster. It appears six feet in front of the caster and attacks any aggressive entity until the effect ends or the creature is killed. At death, or when the effect ends, the creature disappears. If summoned in town, guards will attack the caster and summoned creature on sight.",32,FALSE,TRUE,SelfOnly,FALSE
Summon Dremora,Conjuration,"Summons a Dremora to battle for the caster. It appears six feet in front of the caster and attacks any aggressive entity until the effect ends or the creature is killed. At death, or when the effect ends, the creature disappears. If summoned in town, guards will attack the caster and summoned creature on sight.",28,FALSE,TRUE,SelfOnly,FALSE
Summon Fabricant,Conjuration,"Summons a Fabricant to battle for the caster. It appears six feet in front of the caster and attacks any aggressive entity until the effect ends or the creature is killed. At death, or when the effect ends, the creature disappears. If summoned in town, guards will attack the caster and summoned creature on sight.",10,FALSE,TRUE,SelfOnly,FALSE
Summon Flame Atronach,Conjuration,"Summons a Flame Atronach to battle for the caster. It appears six feet in front of the caster and attacks any aggressive entity until the effect ends or the creature is killed. At death, or when the effect ends, the creature disappears. If summoned in town, guards will attack the caster and summoned creature on sight.",23,FALSE,TRUE,SelfOnly,FALSE
Summon Frost Atronach,Conjuration,"Summons a Frost Atronach to battle for the caster. It appears six feet in front of the caster and attacks any aggressive entity until the effect ends or the creature is killed. At death, or when the effect ends, the creature disappears. If summoned in town, guards will attack the caster and summoned creature on sight.",27,FALSE,TRUE,SelfOnly,FALSE
Summon Golden Saint,Conjuration,"Summons a Golden Saint to battle for the caster. It appears six feet in front of the caster and attacks any aggressive entity until the effect ends or the creature is killed. At death, or when the effect ends, the creature disappears. If summoned in town, guards will attack the caster and summoned creature on sight.",55,FALSE,TRUE,SelfOnly,FALSE
Summon Greater Bonewalker,Conjuration,"Summons a Greater Bonewalker to battle for the caster. It appears six feet in front of the caster and attacks any aggressive entity until the effect ends or the creature is killed. At death, or when the effect ends, the creature disappears. If summoned in town, guards will attack the caster and summoned creature on sight.",15,FALSE,TRUE,SelfOnly,FALSE
Summon Hunger,Conjuration,"Summons a Hunger to battle for the caster. It appears six feet in front of the caster and attacks any aggressive entity until the effect ends or the creature is killed. At death, or when the effect ends, the creature disappears. If summoned in town, guards will attack the caster and summoned creature on sight.",29,FALSE,TRUE,SelfOnly,FALSE
Summon Scamp,Conjuration,"Summons a Scamp to battle for the caster. It appears six feet in front of the caster and attacks any aggressive entity until the effect ends or the creature is killed. At death, or when the effect ends, the creature disappears. If summoned in town, guards will attack the caster and summoned creature on sight.",12,FALSE,TRUE,SelfOnly,FALSE
Summon Skeletal Minion,Conjuration,"Summons a Skeleton to battle for the caster. It appears six feet in front of the caster and attacks any aggressive entity until the effect ends or the creature is killed. At death, or when the effect ends, the creature disappears. If summoned in town, guards will attack the caster and summoned creature on sight.",13,FALSE,TRUE,SelfOnly,FALSE
Summon Storm Atronach,Conjuration,"Summons a Storm Atronach to battle for the caster. It appears six feet in front of the caster and attacks any aggressive entity until the effect ends or the creature is killed. At death, or when the effect ends, the creature disappears. If summoned in town, guards will attack the caster and summoned creature on sight.",38,FALSE,TRUE,SelfOnly,FALSE
Summon Winged Twilight,Conjuration,"Summons a Winged Twilight to battle for the caster. It appears six feet in front of the caster and attacks any aggressive entity until the effect ends or the creature is killed. At death, or when the effect ends, the creature disappears. If summoned in town, guards will attack the caster and summoned creature on sight.",52,FALSE,TRUE,SelfOnly,FALSE
Turn Undead,Conjuration,Temporarily increases an undead creature's flee rating (its inclination to run from an attacker). The effect's magnitude is the value increase to the flee rating.,0.2,TRUE,TRUE,TouchTargetOnly,FALSE
Corprus,Destruction,Infects the victim with corprus disease. Corprus is a special disease with unique properties. The victim remains affected by the disease until it is cured.,2500,FALSE,FALSE,none,FALSE
Damage Attribute,Destruction,Lowers the value of one of the victim's base Attributes. Any derived attributes are recalculated. Attributes do not return to their original values at the end of the spell's duration and may only be restored with the appropriate restore attribute spell or potion. The magnitude is the units of attribute lost each second of the spell's duration.,8,TRUE,TRUE,none,TRUE
Damage Fatigue,Destruction,"Lowers the value of a victim's Fatigue. Fatigue does not return to its original value at the end of the spell's duration; it restores normally, or may be restored with a restore fatigue spell or potion. The magnitude is the units of fatigue lost each second of the spell's duration.",4,TRUE,TRUE,none,FALSE
Damage Health,Destruction,"Lowers the value of a victim's Health. Health does not return to its original value at the end of the spell's duration; it restores normally, or may be restored with a restore health spell or potion. The magnitude is the units of health lost each second of the spell's duration.",8,TRUE,TRUE,none,FALSE
Damage Magicka,Destruction,"Lowers the value of a victim's Magicka. Magicka does not return to its original value at the end of the spell's duration; it restores normally, or may be restored with a restore magicka spell or potion. The magnitude is the units of magicka lost each second of the spell's duration.",8,TRUE,TRUE,none,FALSE
Damage Skill,Destruction,Lowers the value of one of the victim's Skills. Skills do not return to their original values at the end of the spell's duration; they may only be restored with the appropriate restore skill spell or potion. The magnitude is the units of skill lost each second of the spell's duration.,8,TRUE,TRUE,none,TRUE
Disintegrate Armor,Destruction,Damages the health rating of an equipped piece of armor on a touched or ranged victim.,6,TRUE,TRUE,none,FALSE
Disintegrate Weapon,Destruction,Damages the health rating of an equipped weapon on a touched or ranged victim.,6,TRUE,TRUE,none,FALSE
Drain Attribute,Destruction,Temporarily lowers the value of one of a victim's base Attributes. Any derived attributes are recalculated. Attributes return to their original values when the spell ends. The magnitude is the units of attribute reduced each second of the spell's duration.,1,TRUE,TRUE,none,TRUE
Drain Fatigue,Destruction,Temporarily lowers the value of the victim's Fatigue. Fatigue returns to its original value when the spell ends. The magnitude is the units of fatigue reduced each second of the spell's duration.,2,TRUE,TRUE,none,FALSE
Drain Health,Destruction,Temporarily lowers the value of the victim's Health. Health returns to its original value when the spell ends. The magnitude is the units of health reduced each second of the spell's duration.,4,TRUE,TRUE,none,FALSE
Drain Magicka,Destruction,Temporarily lowers the value of a victim's Magicka. Magicka returns to its original value when the spell ends. The magnitude is the units of magicka reduced each second of the spell's duration.,4,TRUE,TRUE,none,FALSE
Drain Skill,Destruction,Temporarily lowers the value of one of a victim's Skills. The skill returns to its original value when the spell ends. The magnitude is the units of skill reduced each second of the spell's duration.,1,TRUE,TRUE,none,TRUE
Fire Damage,Destruction,"Produces a manifestation of elemental fire. Upon contact with an object, this manifestation explodes, causing damage.",5,TRUE,TRUE,none,FALSE
Frost Damage,Destruction,"Produces a manifestation of elemental frost. Upon contact with an object, this manifestation causes frost damage over the area of the spell.",5,TRUE,TRUE,none,FALSE
Poison,Destruction,"Creates a spray of poisonous acid that causes damage to the health of the victim. A victim continues to lose health from the poison effect for the duration of the spell, unless the effect is canceled by a cure poison spell or potion.",9,TRUE,TRUE,none,FALSE
Shock Damage,Destruction,Produces bolts of elemental lightning. The magnitude is the damage received by the first victim along a bolt's path.,7,TRUE,TRUE,none,FALSE
Stunted Magicka,Destruction,Prevents the target from regenerating magicka while sleeping for the duration of the effect.,1,FALSE,FALSE,SelfOnly,FALSE
Sun Damage,Destruction,"Causes the victim's health to be damaged while out of doors when the sun is up. The magnitude is the amount of health damaged. Damage is modified by the relative height of the sun in the sky, with the least damage occurring at sunrise (6 A.M.) and sunset (8 P.M.).",1,TRUE,FALSE,SelfOnly,FALSE
Vampirism,Destruction,Confers upon the subject all the abilities and weaknesses of the Porphyric Hemophilia disease.,5,FALSE,FALSE,SelfOnly,FALSE
Weakness to Blight Disease,Destruction,Decreases the target's resistance to blight diseases.,4,TRUE,TRUE,none,FALSE
Weakness to Common Disease,Destruction,Decreases the target's resistance to common diseases.,2,TRUE,TRUE,none,FALSE
Weakness to Corprus Disease,Destruction,Decreases the target's resistance to Corprus disease.,4,TRUE,TRUE,none,FALSE
Weakness to Fire,Destruction,Decreases the target's resistance to Fire Damage.,2,TRUE,TRUE,none,FALSE
Weakness to Frost,Destruction,Decreases the target's resistance to Frost Damage.,2,TRUE,TRUE,none,FALSE
Weakness to Magicka,Destruction,Decreases the target's resistance to damage from non-elemental magic attacks.,2,TRUE,TRUE,none,FALSE
Weakness to Normal Weapons,Destruction,Decreases the target's resistance to damage from normal weapons (non-enchanted or silver).,2,TRUE,TRUE,none,FALSE
Weakness to Poison,Destruction,Decreases the target's resistance to Poison.,2,TRUE,TRUE,none,FALSE
Weakness to Shock,Destruction,Decreases the target's resistance to Shock Damage.,2,TRUE,TRUE,none,FALSE
Blind,Illusion,"Obscures the vision of the victim, reducing their chance to strike an opponent with weapon or hand-to-hand attacks.",1,TRUE,TRUE,none,FALSE
Calm Creature,Illusion,"Temporarily reduces a creature's attack rating (its inclination to attack). The effect's magnitude is the value of the reduction of the attack rating. When the effect ends, the creature's attack rating returns to normal. Humanoids, undead, Daedra, and artifacts are not affected by this spell.",1,TRUE,TRUE,TouchTargetOnly,FALSE
Calm Humanoid,Illusion,"Temporarily reduces a humanoid's attack rating (its inclination to attack). The effect's magnitude is the value of the reduction of the attack rating. When the effect ends, the humanoid's attack rating returns to normal. Creatures, undead, Daedra, and artifacts are not affected by this spell.",1,TRUE,TRUE,TouchTargetOnly,FALSE
Chameleon,Illusion,"Allows the target to blend into the surroundings and remain unseen. The target can attack and use objects without disrupting the effect. The spell ranges from 1% to 100% effectiveness, the magnitude being equal to the degree of concealment.",1,TRUE,TRUE,none,FALSE
Charm,Illusion,"Temporarily increases the target's disposition towards the caster. When the effect ends, the target's disposition returns to its original value.",5,TRUE,TRUE,TouchTargetOnly,FALSE
Demoralize Creature,Illusion,"Temporarily increases a creature's flee rating (its inclination to run from an attacker). The effect's magnitude is the value of the increase of the flee rating. When the effect ends, the creature's flee rating returns to normal. Humanoids, undead, Daedra, and artifacts are not affected by this spell.",1,TRUE,TRUE,TouchTargetOnly,FALSE
Demoralize Humanoid,Illusion,"Temporarily increases a humanoid's flee rating (its inclination to flee from an attacker). The effect's magnitude is the value of the increase of the flee rating. When the effect ends, the humanoid's flee rating returns to normal. Creatures, undead, Daedra, and artifacts are not affected by this spell.",1,TRUE,TRUE,TouchTargetOnly,FALSE
Frenzy Creature,Illusion,"Temporarily increases a creature's attack rating (its inclination to attack). The effect's magnitude is the value of the increase in the attack rating. When the effect ends, the creature's attack rating returns to normal. Humanoids, undead, Daedra, and artifacts are not affected by this spell.",1,TRUE,TRUE,TouchTargetOnly,FALSE
Frenzy Humanoid,Illusion,"Temporarily increases a humanoid's attack rating (its inclination to attack). The effect's magnitude is the value of the increase in the attack rating. When the effect ends, the humanoid's attack rating returns to normal. Creatures, undead, Daedra, and artifacts are not affected by this spell.",1,TRUE,TRUE,TouchTargetOnly,FALSE
Invisibility,Illusion,"Conceals the presence of the subject from observers. If the subject attacks, speaks, or activates an object, the effect is dispelled. The magnitude of this effect is not variable; the subject is always 100% invisible.",20,FALSE,TRUE,none,FALSE
Light,Illusion,"Creates a projectile of tangible light. Upon striking a target, the projectile illuminates the area for the duration of the effect. The projectile does not cause any damage.",0.2,TRUE,TRUE,none,FALSE
Night Eye,Illusion,Temporarily endows the subject with the ability to see in the dark. The effect's magnitude is the degree to which the ambient light level is raised.,0.2,TRUE,TRUE,none,FALSE
Paralyze,Illusion,"Renders the target unable to move. This effect has no magnitude, only duration.",40,FALSE,TRUE,none,FALSE
Rally Creature,Illusion,"Temporarily decreases a creature's flee rating (its inclination to flee from an attacker). The effect's magnitude is the value of the decrease in the flee rating. When the effect ends, the creature's flee rating returns to normal. Humanoids, undead, Daedra, and artifacts are not affected by this spell.",0.2,TRUE,TRUE,TouchTargetOnly,FALSE
Rally Humanoid,Illusion,"Temporarily decreases a humanoid's flee rating (its inclination to flee from an attacker). The effect's magnitude is the value of the decrease in the flee rating. When the effect ends, the humanoid's flee rating returns to normal. Creatures, undead, Daedra, and artifacts are not affected by this spell.",0.2,TRUE,TRUE,TouchTargetOnly,FALSE
Sanctuary,Illusion,Causes the target to be harder to hit. The magnitude is the value that is added to the target's chance to dodge attacks.,1,TRUE,TRUE,none,FALSE
Silence,Illusion,Temporarily renders a victim unable to cast spells.,40,FALSE,TRUE,none,FALSE
Sound,Illusion,Produces a disorienting noise in the victim's mind. The magnitude is the reduction in the victim's chance to successfully cast spells.,3,TRUE,TRUE,none,FALSE
Absorb Attribute,Mysticism,"Temporarily transfers a portion of one of the victim's Attributes to the caster. The caster may exceed the attribute's maximum of 100 for the duration of the spell. When the effect ends, both caster and victim attributes return to their original values.",2,TRUE,TRUE,TouchTargetOnly,TRUE
Absorb Fatigue,Mysticism,"Permanently transfers Fatigue from the victim to the caster, wearying the victim and invigorating the caster. The caster may not exceed their own natural maximum Fatigue value, but even if the caster is at full Fatigue, casting this spell will still drain the target's Fatigue.",4,TRUE,TRUE,TouchTargetOnly,FALSE
Absorb Health,Mysticism,"Permanently transfers Health from the victim to the caster, injuring the victim and vitalizing the caster. The caster may not exceed their own natural maximum Health value, but even if the caster is at full Health, casting this spell will still drain the target's Health.",8,TRUE,TRUE,TouchTargetOnly,FALSE
Absorb Magicka,Mysticism,"Transfers Magicka from the victim to the caster, reducing the victim's spellcasting reservoirs and filling the caster's. The caster may not exceed their own natural maximum Magicka value, but even if the caster is at full Magicka, casting this spell will still drain the target's Magicka.",8,TRUE,TRUE,TouchTargetOnly,FALSE
Absorb Skill,Mysticism,"Temporarily reduces one of the victim's Skills and increases the caster's. When the effect ends, the caster loses the borrowed skill, and the victim regains all lost skill.",2,TRUE,TRUE,TouchTargetOnly,TRUE
Almsivi Intervention,Mysticism,The subject of this effect is transported instantaneously to the altar of the nearest shrine or edifice of the Tribunal Temple.,150,FALSE,FALSE,SelfOnly,FALSE
Detect Animal,Mysticism,"Allows the caster of this effect to detect any entity animated by a spirit; said entities appear on the map as red-circle symbols. This effect includes all classes of monsters (creatures, undead, Daedra, Dwemer constructs). Humanoids are NOT detected by this spell. The magnitude is the range in feet from the caster that animals are detected.",0.75,TRUE,TRUE,SelfOnly,FALSE
Detect Enchantment,Mysticism,Allows the caster of this effect to detect enchanted items; said items appear on the map as blue-circle symbols. The effect's magnitude is the range in feet from the caster that enchanted items are detected.,1,TRUE,TRUE,SelfOnly,FALSE
Detect Key,Mysticism,Allows the caster of this effect to detect Keys; their locations appear on the map as green-circle symbols. The effect's magnitude is the range in feet from the caster that keys are detected.,1,TRUE,TRUE,SelfOnly,FALSE
Dispel,Mysticism,"Removes magicka-based spell effects from the subject. Dispel does not affect abilities, disease, curses, or constant magic item effects. The magnitude is the chance an effect is removed.",5,TRUE,FALSE,none,FALSE
Divine Intervention,Mysticism,Transports the subject of this effect instantaneously to the altar of the nearest shrine of the Imperial Cult.,150,FALSE,FALSE,SelfOnly,FALSE
Mark,Mysticism,Establishes a target location for the Recall spell to act upon. The location is established directly at the position of the caster when the spell is used.,350,FALSE,FALSE,SelfOnly,FALSE
Recall,Mysticism,The subject is instantaneously transported to the point set by the Mark spell.,350,FALSE,FALSE,SelfOnly,FALSE
Reflect,Mysticism,"Allows the subject to reflect spell effects back at an attacking caster. The effect's magnitude is the chance that a spell effect is reflected. If the reflect spell is successful, the opposing spells reflect back at the attacking caster. If the reflect spell fails, the opposing spells take effect normally.",10,TRUE,TRUE,none,FALSE
Soultrap,Mysticism,"Traps the soul of the targeted creature in the smallest empty soul gem in the caster's inventory, if the creature is killed during the spell's duration.",2,FALSE,TRUE,TouchTargetOnly,FALSE
Spell Absorption,Mysticism,"Allows the caster to absorb an attacking spell's power as an increase to their reservoir of magicka. The magnitude is the chance that an attacking spell will be absorbed. If successful, the caster absorbs the attacking spell's cost in spell points as increased magicka. The caster's magicka cannot be increased above the caster's standard magicka level. If failed, the attacking spell takes effect normally.",10,TRUE,TRUE,none,FALSE
Telekinesis,Mysticism,"Allows the subject to pick up items, open containers, and open interior doors from a distance. The magnitude is the number of feet the subject can reach.",1,TRUE,TRUE,SelfOnly,FALSE
Cure Blight Disease,Restoration,"Cures the subject of any and all Blight Diseases, and all associated traits.",2000,FALSE,FALSE,none,FALSE
Cure Common Disease,Restoration,Cures the subject of any and all Common Diseases.,300,FALSE,FALSE,none,FALSE
Cure Corprus Disease,Restoration,Cures the subject of Corprus.,2500,FALSE,FALSE,none,FALSE
Cure Paralyzation,Restoration,Cures the subject of paralyzation.,100,FALSE,FALSE,none,FALSE
Cure Poison,Restoration,Cures the subject of any Poison affecting them. The effect does not restore health lost to poisoning.,100,FALSE,FALSE,none,FALSE
Fortify Attack,Restoration,Raises the subject's chance of making a successful hit with a weapon or hand-to-hand attack.,1,TRUE,TRUE,SelfOnly,FALSE
Fortify Attribute,Restoration,Temporarily increases the value of one of a subject's Attributes. Any derived attributes are recalculated. Attributes return to their original values when the spell ends. The magnitude is the value of the increase of the attribute.,1,TRUE,TRUE,none,TRUE
Fortify Fatigue,Restoration,Temporarily increases the value of a subject's Fatigue. Fatigue returns to its original values when the spell ends. The magnitude is the value of the increase in fatigue.,0.5,TRUE,TRUE,none,FALSE
Fortify Health,Restoration,Temporarily increases the value of a subject's Health. Health returns to its original values when the spell ends. The magnitude is the value of the increase in health.,1,TRUE,TRUE,none,FALSE
Fortify Magicka,Restoration,Temporarily increases the value of a subject's Magicka. Magicka returns to its original values when the spell ends. The magnitude is the value of the increase in magicka.,1,TRUE,TRUE,none,FALSE
Fortify Maximum Magicka,Restoration,Modifies the multiplier used to derive the amount of magicka the subject currently retains. The magnitude is multiplied by the subject's Intelligence to derive the magicka,4,TRUE,TRUE,none,FALSE
Fortify Skill,Restoration,Temporarily increases the value of one of the subject's Skills. The skill returns to its original value when the spell ends. The magnitude is the value of the increase in the skill.,1,TRUE,TRUE,none,TRUE
Remove Curse,Restoration,Removes the effect of a curse from the target.,15,FALSE,FALSE,SelfOnly,FALSE
Resist Blight Disease,Restoration,Increases the subject's resistance to Blight Diseases. The magnitude is the percentage of reduction in damage caused by blight disease effects.,5,TRUE,TRUE,none,FALSE
Resist Common Disease,Restoration,Increases the subject's resistance to Common Diseases. The magnitude is the percentage of reduction in damage caused by common disease effects.,2,TRUE,TRUE,none,FALSE
Resist Corprus Disease,Restoration,Increases the subject's resistance to Corprus disease. The magnitude is the percentage of reduction in damage caused by corprus disease effects.,5,TRUE,TRUE,none,FALSE
Resist Fire,Restoration,Increases the target's resistance to Fire Damage. The magnitude is the percentage of reduction in damage caused by elemental fire damage effects.,2,TRUE,TRUE,none,FALSE
Resist Frost,Restoration,Increases the target's resistance to Frost Damage. The magnitude is the percentage of reduction in damage caused by elemental frost damage effects.,2,TRUE,TRUE,none,FALSE
Resist Magicka,Restoration,Increases the target's resistance to damage from magicka attacks not based on elemental forces. The magnitude is the percentage of reduction in damage caused by non-elemental magic attacks.,2,TRUE,TRUE,none,FALSE
Resist Normal Weapons,Restoration,Increases the target's resistance to damage caused by any non-enchanted or silver weapon. The magnitude is the percentage of reduction in damage caused by normal weapons.,5,TRUE,TRUE,none,FALSE
Resist Paralysis,Restoration,Increases the target's resistance to paralysis. The magnitude is the percentage added to the subject's standard resistance.,0.2,TRUE,TRUE,none,FALSE
Resist Poison,Restoration,Increases the target's resistance to Poison. The magnitude is the percentage of reduction in damage caused by poison effects.,2,TRUE,TRUE,none,FALSE
Resist Shock,Restoration,Increases the target's resistance to Shock Damage. The magnitude is the percentage of reduction in damage caused by elemental shock damage effects.,2,TRUE,TRUE,none,FALSE
Restore Attribute,Restoration,Restores any of the subject's Attributes that have been reduced by magical attack. The magnitude is the units of attribute restored for each second of the spell's duration.,1,TRUE,TRUE,none,TRUE
Restore Fatigue,Restoration,Restores the subject's Fatigue if it has been affected by magical attack or loss. The magnitude is the units of fatigue restored for each second of the spell's duration.,1,TRUE,TRUE,none,FALSE
Restore Health,Restoration,Restores the subject's Health if it has been affected by magical or normal attack. The magnitude is the units of health restored for each second of the spell's duration.,5,TRUE,TRUE,none,FALSE
Restore Magicka,Restoration,Restores the subject's Magicka to its original value if it has been affected by magical attack or use. The magnitude is the units of magicka restored for each second of the spell's duration.,5,TRUE,TRUE,none,FALSE
Restore Skill,Restoration,Restores the subject's Skills if they have been reduced by magical attack. The magnitude is the units of skill restored for each second of the spell's duration.,1,TRUE,TRUE,none,TRUE
